designation,simbad_HD,phot_g_mean_mag,phot_bp_mean_mag,phot_rp_mean_mag,MG,MG_error,MBp,MBp_error,MRp,MRp_error,Bp_Rp,G_Rp,Bp_G
Gaia DR3 4114677389434590720,\N,\N,\N,\N,\N,\N,\N,\N,\N,\N,\N,\N,\N
Gaia DR3 4145132555890838784,\N,\N,\N,16.909328,\N,\N,\N,\N,16.455668405698834,0.0058704348004994245,\N,\N,\N
Gaia DR3 4371611781971072768,\N,\N,\N,16.678308,\N,\N,\N,\N,16.85707522726112,0.003969383810217053,\N,\N,\N
Gaia DR3 5443030200460964480,\N,\N,10.086929,8.826408,\N,\N,9.070643318218899,0.005019904439465428,7.810122318218899,0.005019904439464984,1.260521,\N,\N
Gaia DR3 5753687109122994048,\N,\N,\N,16.847324,\N,\N,\N,\N,17.551666155183206,0.0033672801484136983,\N,\N,\N
Gaia DR3 6558741070485093632,\N,\N,\N,18.6281,\N,\N,\N,\N,17.647594707766803,0.02487179948576035,\N,\N,\N
