designation,right_ascension,declination,phot_g_mean_mag,MG,Bp_Rp,simbad_HD
Gaia DR3 4109030160308317312,258.83511696459266,-26.60789783205067,4.828591,5.956820654558416,1.0597495,HD 155885
Gaia DR3 4911306239828325632,24.95131741550617,-56.19325138476668,5.5083017,5.9420367415456985,1.0707847,HD 10360
