designation,MRp,MRp_error,MBp,MBp_error,MG,MG_error,*,*
Gaia DR3 1166216253750406144,4.17732696859359,0.0015709724402270808,4.995641997737876,0.0015709724402270808,4.6738417658042835,0.0015709724402270808,0.06789970397949219,2.500000118743628E-4
Gaia DR3 6192187979961725952,4.1872067709359495,0.027452339454164587,5.017834689179352,0.027452339454164587,4.691218401947912,0.027452339454164587,1.0273990631103516,1.500000071246177E-4
Gaia DR3 5943191236735787520,4.146136574097996,0.003025588167810511,4.97295217926157,0.003025588167810511,4.646744541474705,0.003025588167810511,0.4986000061035156,0.00139999995008111
Gaia DR3 4345775217221821312,4.0860920752505745,0.0019377745891628884,4.903169235132167,0.0019377745891628884,4.575888713739344,0.0019377745891628884,0.015299797058105469,4.999999873689376E-5
Gaia DR3 4584639307993378432,4.159454766560373,8.932026888066602E-4,4.977199498463451,8.932026888066602E-4,4.654624406147775,8.932026888066602E-4,0.024100303649902344,1.500000071246177E-4
